SET @sName = 'bx_messenger';

CREATE TABLE IF NOT EXISTS `bx_messenger_jots` (
   `id` int(11) NOT NULL auto_increment,
   `lot_id` int(11) unsigned NOT NULL default '0',   
   `message` text NOT NULL,
   `created` int(11) NOT NULL default '0',
   `user_id` int(11) unsigned NOT NULL default '0',
   `attachment_type` varchar(255) NOT NULL default '',
   `attachment` text NOT NULL default '',
   `last_edit` int(11) NOT NULL default '0',
   `edit_by` int(11) unsigned NOT NULL default '0',
   `trash` tinyint(1) unsigned NOT NULL default 0,
   `vc` int(11) NOT NULL default 0,   
   PRIMARY KEY (`id`),
   KEY `lot_id` (`lot_id`),
   KEY `user_lot` (`user_id`,`lot_id`)
);

CREATE TABLE IF NOT EXISTS `bx_messenger_jot_reactions` (
   `id` int(11) NOT NULL auto_increment,
   `jot_id` int(11) unsigned NOT NULL default 0,
   `native` varchar(10) NOT NULL,
   `emoji_id` varchar(50) NOT NULL,
   `user_id` int(11) unsigned NOT NULL default 0,
   `added` int(11) NOT NULL default 0,
   PRIMARY KEY  (`id`),
   KEY `jot_id` (`jot_id`),
   UNIQUE KEY `jot` (`jot_id`,`emoji_id`, `user_id`)
);

CREATE TABLE IF NOT EXISTS `bx_messenger_lots` (
   `id` int(11) NOT NULL auto_increment,
   `title` varchar(255) NOT NULL,
   `url` varchar(255) NOT NULL default '',
   `type` tinyint(3) NOT NULL default 1,
   `created` int(11) NOT NULL default 0,
   `updated` int(11) NOT NULL default 0,
   `author` int(11) unsigned NOT NULL default 0,
   `participants` text NOT NULL default '',
   `class` varchar(20) NOT NULL default 'custom',
   `visibility` tinyint(1) NOT NULL default 0,
   PRIMARY KEY  (`id`)
);

INSERT INTO `bx_messenger_lots` (`id`, `title`, `url`, `type`, `created`, `author`, `participants`, `class`) VALUES
(NULL, '_bx_messenger_lots_class_my_members', '', 3, UNIX_TIMESTAMP(), 0, '', 'members');


CREATE TABLE IF NOT EXISTS `bx_messenger_lots_types` (
   `id` int(11) NOT NULL auto_increment,
   `name` varchar(50) NOT NULL default '',
   `show_link` tinyint(1) NOT NULL default 0,
    PRIMARY KEY (`id`)
);

INSERT INTO `bx_messenger_lots_types` (`id`, `name`, `show_link`) VALUES
(1, 'public', 1),
(2, 'private', 0),
(3, 'sets', 0),
(4, 'groups', 1),
(5, 'events', 1);

CREATE TABLE IF NOT EXISTS `bx_messenger_attachments` (
   `name` varchar(50) NOT NULL default '',
   `service` varchar(255) NOT NULL,
    PRIMARY KEY (`name`)
);

CREATE TABLE IF NOT EXISTS `bx_messenger_users_info` (
   `lot_id` int(11) unsigned NOT NULL default 0,
   `user_id` int(11) unsigned NOT NULL default 0,
   `params` text NOT NULL default '',
   `star` tinyint(1) NOT NULL default '0',
   PRIMARY KEY (`lot_id`,`user_id`)
);

CREATE TABLE IF NOT EXISTS `bx_messenger_lots_settings` (
  `lot_id` int(11) NOT NULL,
  `actions` varchar(255) NOT NULL default '',
  `settings` varchar(255) NOT NULL default '',
  `icon` int(11) NOT NULL default '0',
   PRIMARY KEY (`lot_id`)
);

CREATE TABLE IF NOT EXISTS `bx_messenger_unread_jots` (
   `id` int(11) unsigned auto_increment,
   `lot_id` int(11) NOT NULL default 0,
   `first_jot_id` int(11) NOT NULL default 0,
   `unread_count` int(11) NOT NULL default 0,
   `user_id` int(11) NOT NULL default 0,
    PRIMARY KEY (`id`),
    UNIQUE KEY `id` (`lot_id`, `user_id`),
    KEY `user` (`user_id`),
    KEY `jot` (`first_jot_id`)
);

CREATE TABLE IF NOT EXISTS `bx_messenger_jvc` (
   `id` int(11) NOT NULL AUTO_INCREMENT,
   `lot_id` int(11) NOT NULL,
   `room` varchar(64) NOT NULL,
   `number` tinyint(255) NOT NULL default 0,
   `active` int(11) unsigned NOT NULL default 1,
    PRIMARY KEY (`id`),
    UNIQUE KEY `lot_id` (`lot_id`),
    UNIQUE KEY `room` (`room`)
);

CREATE TABLE IF NOT EXISTS `bx_messenger_public_jvc` (
   `id` int(11) NOT NULL AUTO_INCREMENT,
   `room` varchar(100) NOT NULL,
   `participants` varchar(255) NOT NULL default 0,
   `active` tinyint(1) unsigned NOT NULL default 1,
   `created` int(11) unsigned NOT NULL default 0,
    PRIMARY KEY (`id`),
    UNIQUE KEY `room` (`room`)
);

CREATE TABLE IF NOT EXISTS `bx_messenger_jvc_track` (
   `id` int(11) NOT NULL AUTO_INCREMENT,
   `jvc_id` int(11) NOT NULL,
   `author_id` int(11) NOT NULL,
   `start` int(11) NOT NULL,
   `end` int(11) NOT NULL,
   `participants` varchar(255) NOT NULL default '',
   `joined` varchar(255) NOT NULL default '',
    PRIMARY KEY (`id`)
);

-- TABLE: storages & transcoders
CREATE TABLE IF NOT EXISTS `bx_messenger_files` (
  `id` int(11) NOT NULL AUTO_INCREMENT,
  `profile_id` int(10) unsigned NOT NULL,
  `jot_id` int(10) unsigned NOT NULL,
  `remote_id` varchar(128) NOT NULL,
  `path` varchar(255) NOT NULL,
  `file_name` varchar(255) NOT NULL,
  `mime_type` varchar(128) NOT NULL,
  `ext` varchar(32) NOT NULL,
  `size` bigint(20) NOT NULL,
  `added` int(11) NOT NULL,
  `modified` int(11) NOT NULL,
  `private` int(11) NOT NULL,
  PRIMARY KEY (`id`),
  UNIQUE KEY `remote_id` (`remote_id`)
);

CREATE TABLE IF NOT EXISTS `bx_messenger_photos_resized` (
  `id` int(11) NOT NULL AUTO_INCREMENT,
  `profile_id` int(10) unsigned NOT NULL,
  `remote_id` varchar(128) NOT NULL,
  `path` varchar(255) NOT NULL,
  `file_name` varchar(255) NOT NULL,
  `mime_type` varchar(128) NOT NULL,
  `ext` varchar(32) NOT NULL,
  `size` bigint(20) NOT NULL,
  `added` int(11) NOT NULL,
  `modified` int(11) NOT NULL,
  `private` int(11) NOT NULL,
  PRIMARY KEY (`id`),
  UNIQUE KEY `remote_id` (`remote_id`)
);

CREATE TABLE IF NOT EXISTS `bx_messenger_videos_processed` (
  `id` int(11) NOT NULL AUTO_INCREMENT,
  `profile_id` int(10) unsigned NOT NULL,
  `remote_id` varchar(128) NOT NULL,
  `path` varchar(255) NOT NULL,
  `file_name` varchar(255) NOT NULL,
  `mime_type` varchar(128) NOT NULL,
  `ext` varchar(32) NOT NULL,
  `size` bigint(20) NOT NULL,
  `added` int(11) NOT NULL,
  `modified` int(11) NOT NULL,
  `private` int(11) NOT NULL,
  PRIMARY KEY (`id`),
  UNIQUE KEY `remote_id` (`remote_id`)
);

CREATE TABLE IF NOT EXISTS `bx_messenger_mp3_processed` (
  `id` int(11) NOT NULL AUTO_INCREMENT,
  `profile_id` int(10) unsigned NOT NULL,
  `remote_id` varchar(128) NOT NULL,
  `path` varchar(255) NOT NULL,
  `file_name` varchar(255) NOT NULL,
  `mime_type` varchar(128) NOT NULL,
  `ext` varchar(32) NOT NULL,
  `size` bigint(20) NOT NULL,
  `added` int(11) NOT NULL,
  `modified` int(11) NOT NULL,
  `private` int(11) NOT NULL,
  PRIMARY KEY (`id`),
  UNIQUE KEY `remote_id` (`remote_id`)
);

----- Live Comments table

CREATE TABLE IF NOT EXISTS `bx_messenger_lcomments` (
  `lcmt_id` int(11) NOT NULL AUTO_INCREMENT,
  `lcmt_parent_id` int(11) NOT NULL DEFAULT '0',
  `lcmt_system_id` int(11) NOT NULL DEFAULT '0',
  `lcmt_vparent_id` int(11) NOT NULL DEFAULT '0',
  `lcmt_object_id` int(11) NOT NULL DEFAULT '0',
  `lcmt_author_id` int(11) NOT NULL DEFAULT '0',
  `lcmt_level` int(11) NOT NULL DEFAULT '0',
  `lcmt_text` text NOT NULL,
  `lcmt_time` int(11) unsigned NOT NULL DEFAULT '0',
  `lcmt_replies` int(11) NOT NULL DEFAULT '0',
  PRIMARY KEY (`lcmt_id`),
  KEY `lcmt_object_id` (`lcmt_object_id`,`lcmt_parent_id`),
  FULLTEXT KEY `search_fields` (`lcmt_text`)
);

-- STORAGES & TRANSCODERS

SET @sStorageEngine = (SELECT `value` FROM `sys_options` WHERE `name` = 'sys_storage_default');

INSERT INTO `sys_objects_storage` (`object`, `engine`, `params`, `token_life`, `cache_control`, `levels`, `table_files`, `ext_mode`, `ext_allow`, `ext_deny`, `quota_size`, `current_size`, `quota_number`, `current_number`, `max_file_size`, `ts`) VALUES
('bx_messenger_files', @sStorageEngine, '', 360, 2592000, 3, 'bx_messenger_files', 'deny-allow', '', 'action,apk,app,bat,bin,cmd,com,command,cpl,csh,exe,gadget,inf,ins,inx,ipa,isu,job,jse,ksh,lnk,msc,msi,msp,mst,osx,out,paf,pif,prg,ps1,reg,rgs,run,sct,shb,shs,u3p,vb,vbe,vbs,vbscript,workflow,ws,wsf', 0, 0, 0, 0, 0, 0),
('bx_messenger_photos_resized', @sStorageEngine, '', 360, 2592000, 3, 'bx_messenger_photos_resized', 'allow-deny', 'jpg,jpeg,jpe,gif,png', '', 0, 0, 0, 0, 0, 0),
('bx_messenger_videos_processed', @sStorageEngine, '', 360, 2592000, 3, 'bx_messenger_videos_processed', 'allow-deny', 'avi,flv,mpg,mpeg,wmv,mp4,m4v,mov,divx,xvid,3gp,webm,jpg', '', 0, 0, 0, 0, 0, 0),
('bx_messenger_mp3_processed', @sStorageEngine, '', 360, 2592000, 3, 'bx_messenger_mp3_processed', 'allow-deny', '3gp,aa,aac,aax,act,aiff,amr,ape,au,awb,dct,dss,dvf,flac,gsm,iklax,ivs,m4a,m4b,m4p,mmf,mp3,mpc,msv,nmf,nsf,ogg,opus,ra,raw,sln,tta,vox,wav,wma,wv,webm,8svx', '', 0, 0, 0, 0, 0, 0);

INSERT INTO `sys_objects_transcoder` (`object`, `storage_object`, `source_type`, `source_params`, `private`, `atime_tracking`, `atime_pruning`, `ts`, `override_class_name`) VALUES 
('bx_messenger_preview', 'bx_messenger_photos_resized', 'Storage', 'a:1:{s:6:"object";s:18:"bx_messenger_files";}', 'no', '1', '2592000', '0', ''),
('bx_messenger_icon', 'bx_messenger_photos_resized', 'Storage', 'a:1:{s:6:"object";s:18:"bx_messenger_files";}', 'no', '1', '0', '0', ''),
('bx_messenger_videos_poster', 'bx_messenger_videos_processed', 'Storage', 'a:1:{s:6:"object";s:18:"bx_messenger_files";}', 'no', '0', '0', '0', 'BxDolTranscoderVideo'),
('bx_messenger_videos_mp4', 'bx_messenger_videos_processed', 'Storage', 'a:1:{s:6:"object";s:18:"bx_messenger_files";}', 'no', '0', '0', '0', 'BxDolTranscoderVideo'),
('bx_messenger_videos_mp4_hd', 'bx_messenger_videos_processed', 'Storage', 'a:1:{s:6:"object";s:18:"bx_messenger_files";}', 'no', '0', '0', '0', 'BxDolTranscoderVideo'),
('bx_messenger_videos_webm', 'bx_messenger_videos_processed', 'Storage', 'a:1:{s:6:"object";s:18:"bx_messenger_files";}', 'no', '0', '0', '0', 'BxDolTranscoderVideo'),
('bx_messenger_mp3', 'bx_messenger_mp3_processed', 'Storage', 'a:1:{s:6:"object";s:18:"bx_messenger_files";}', 'no', '0', '0', '0', 'BxDolTranscoderAudio');

INSERT INTO `sys_transcoder_filters` (`transcoder_object`, `filter`, `filter_params`, `order`) VALUES 
('bx_messenger_preview', 'Resize', 'a:3:{s:1:"w";s:3:"720";s:1:"h";s:3:"720";s:11:"crop_resize";s:1:"0";}', 0),
('bx_messenger_icon', 'Resize', 'a:3:{s:1:"w";s:2:"96";s:1:"h";s:2:"96";s:11:"crop_resize";s:1:"0";}', 0),
('bx_messenger_videos_poster', 'Poster', 'a:2:{s:1:"h";s:3:"720";s:10:"force_type";s:3:"jpg";}', 0),
('bx_messenger_videos_mp4', 'Mp4', 'a:2:{s:1:"h";s:3:"480";s:10:"force_type";s:3:"mp4";}', 0),
('bx_messenger_videos_mp4_hd', 'Mp4', 'a:3:{s:1:"h";s:3:"720";s:13:"video_bitrate";s:4:"1536";s:10:"force_type";s:3:"mp4";}', 0),
('bx_messenger_videos_webm', 'Webm', 'a:2:{s:1:"h";s:3:"480";s:10:"force_type";s:4:"webm";}', 0),
('bx_messenger_mp3', 'Mp3', 'a:2:{s:13:"audio_bitrate";s:3:"128";s:10:"force_type";s:3:"mp3";}', 0);


-- STUDIO PAGE & WIDGET
INSERT INTO `sys_std_pages`(`index`, `name`, `header`, `caption`, `icon`) VALUES
(3, 'bx_messenger', '_bx_messenger', '_bx_messenger', 'bx_messenger@modules/boonex/messenger/|std-icon.svg');
SET @iPageId = LAST_INSERT_ID();

SET @iParentPageId = (SELECT `id` FROM `sys_std_pages` WHERE `name` = 'home');
SET @iParentPageOrder = (SELECT MAX(`order`) FROM `sys_std_pages_widgets` WHERE `page_id` = @iParentPageId);
INSERT INTO `sys_std_widgets` (`page_id`, `module`, `url`, `click`, `icon`, `caption`, `cnt_notices`, `cnt_actions`) VALUES
(@iPageId, 'bx_messenger', '{url_studio}module.php?name=bx_messenger', '', 'bx_messenger@modules/boonex/messenger/|std-icon.svg', '_bx_messenger', '', 'a:4:{s:6:"module";s:6:"system";s:6:"method";s:11:"get_actions";s:6:"params";a:0:{}s:5:"class";s:18:"TemplStudioModules";}');
INSERT INTO `sys_std_pages_widgets` (`page_id`, `widget_id`, `order`) VALUES
(@iParentPageId, LAST_INSERT_ID(), IF(ISNULL(@iParentPageOrder), 1, @iParentPageOrder + 1));
